{"cameraMode":{"drawMode":0,"name":"Shaded","section":"Shading Mode"},"sceneLighting":false,"audioPlay":false,"sceneViewState":{"m_AlwaysRefresh":false,"showFog":true,"showSkybox":true,"showFlares":true,"showImageEffects":true,"showParticleSystems":true,"showVisualEffectGraphs":true,"m_FxEnabled":true},"in2DMode":false,"pivot":{"x":1003.7872924804688,"y":490.57562255859377,"z":0.6874901652336121},"rotation":{"x":0.10119147598743439,"y":-0.87358158826828,"z":0.20737722516059876,"w":0.4287952780723572},"size":1.0005671977996827,"orthographic":false}