{"cameraMode":{"drawMode":0,"name":"Shaded","section":"Shading Mode"},"sceneLighting":true,"audioPlay":false,"sceneViewState":{"m_AlwaysRefresh":false,"showFog":true,"showSkybox":true,"showFlares":true,"showImageEffects":true,"showParticleSystems":true,"showVisualEffectGraphs":true,"m_FxEnabled":true},"in2DMode":false,"pivot":{"x":-18.58426856994629,"y":10.210145950317383,"z":4.580963134765625},"rotation":{"x":0.21932682394981385,"y":0.48192349076271059,"z":0.12418209761381149,"w":-0.8396201133728027},"size":15.211556434631348,"orthographic":false}